churn,count,rate,label
0,13187,0.9028481445981104,유지
1,1419,0.09715185540188963,이탈
