segment,customer_count,churn_rate
가스 상품 미보유,11955,0.10054370556252613
가스 상품 보유,2651,0.08185590343266692
