segment,customer_count,churn_rate
3년 이하,2445,0.1357873210633947
4년,3982,0.1185334003013561
5년,2317,0.08631851532153648
6년,4769,0.07108408471377647
7년 이상,1093,0.06953339432753888
