segment,customer_count,churn_rate
하위 25%,3652,0.06927710843373494
25~50%,3651,0.0714872637633525
50~75%,3651,0.10024650780608052
상위 25%,3652,0.14759036144578314
