tenure_band,end_band,customer_count,churn_count,churn_rate
1~3년,3개월 이내,344,48,0.13953488372093023
1~3년,3~12개월,497,78,0.15694164989939638
1~3년,1년 초과,138,26,0.18840579710144928
3~5년,3개월 이내,895,117,0.13072625698324022
3~5년,3~12개월,3951,420,0.10630220197418375
3~5년,1년 초과,292,39,0.13356164383561644
5년 이상,3개월 이내,966,68,0.07039337474120083
5년 이상,3~12개월,4269,325,0.07613024127430311
5년 이상,1년 초과,332,14,0.04216867469879518
