fold,inner_best_pr_auc,outer_valid_pr_auc,outer_valid_roc_auc,best_params
1,0.18613043051419967,0.17507620935590562,0.6421821826001628,"{""C"": 1.0, ""class_weight"": ""balanced""}"
2,0.18002183219307386,0.17716662038574738,0.6536943858696787,"{""C"": 0.1, ""class_weight"": ""balanced""}"
3,0.17106776867300053,0.21172410795583543,0.6747854771697601,"{""C"": 0.1, ""class_weight"": ""balanced""}"
4,0.1837568093441838,0.19490353805426333,0.6520387498173164,"{""C"": 0.1, ""class_weight"": ""balanced""}"
5,0.18738633893142684,0.16372211485777582,0.6521578383391506,"{""C"": 0.1, ""class_weight"": ""balanced""}"
