model,fixed_oof_f1_threshold,test_pr_auc,test_roc_auc,test_precision,test_recall,test_f1,test_top10_precision,test_top10_recall,test_top10_lift,predicted_positive_count,predicted_positive_rate,tn,fp,fn,tp
lightgbm,0.102939807122633,0.35261113861731935,0.7101383890911809,0.21386430678466076,0.5105633802816901,0.30145530145530147,0.34812286689419797,0.3591549295774648,3.581743017833966,678,0.23203285420944558,2105,533,139,145
